SubjectId,Label
0,2
1,3
2,0
3,2
4,0
5,1
6,1
7,0
8,0
9,1
10,0
11,1
12,1
13,0
14,3
15,0
16,1
17,0
18,0
19,0
20,0
21,0
22,0
23,2
24,0
25,2
26,0
27,1
28,0
29,0
30,0
31,0
32,0
33,1
34,3
35,2
36,2
37,0
38,3
39,0
40,3
41,0
42,2
43,2
44,1
45,3
46,0
47,0
48,2
49,1
50,1
51,0
52,0
53,0
54,0
55,1
56,0
57,0
58,3
59,0
60,0
61,2
62,2
63,2
64,2
65,2
66,0
67,0
68,1
69,2
70,1
71,2
72,2
73,2
74,0
75,2
76,0
77,2
78,0
79,0
80,2
81,1
82,2
83,1
84,0
85,1
86,0
87,0
88,0
89,0
90,0
91,0
92,1
93,0
94,2
95,2
96,3
97,3
98,0
99,0
100,1
101,0
102,0
103,3
104,1
105,2
106,2
107,3
108,2
109,0
110,0
111,0
112,0
113,0
114,2
115,0
116,0
117,0
118,0
119,1
120,0
121,0
122,0
123,0
124,3
125,3
126,2
127,3
128,3
129,0
130,3
131,0
132,3
133,1
134,0
135,3
136,2
137,3
138,0
139,0
140,1
141,0
142,0
143,0
144,2
145,2
146,3
147,0
148,3
149,0
150,0
151,0
152,0
153,0
154,0
155,0
156,0
157,2
158,0
159,0
160,2
161,0
162,1
163,0
164,0
165,1
166,0
167,0
168,0
169,0
170,0
171,2
172,1
173,3
174,0
175,1
176,2
177,3
178,0
179,0
180,0
181,0
182,0
183,0
184,1
185,0
186,1
187,0
188,0
189,0
190,1
191,0
192,0
193,0
194,1
195,3
196,2
197,2
198,1
199,0
200,0
201,2
202,1
203,2
204,0
205,0
206,0
207,0
208,0
209,0
210,2
211,0
212,2
213,1
214,2
215,2
216,0
217,2
218,0
219,0
220,3
221,0
222,2
223,0
224,0
225,0
226,2
227,0
228,0
229,0
230,1
231,0
232,0
233,2
234,3
235,0
236,0
237,2
238,0
239,1
240,2
241,0
242,3
243,2
244,2
245,2
246,0
247,2
248,2
249,1
250,0
251,3
252,3
253,0
254,0
255,1
256,0
257,0
258,2
259,0
260,0
261,2
262,1
263,1
264,2
265,0
266,0
267,2
268,0
269,1
270,0
271,0
272,3
273,0
274,0
275,3
276,0
277,1
278,0
279,3
280,2
281,0
282,2
283,1
284,0
285,0
286,0
287,1
288,2
289,0
290,0
291,0
292,0
293,2
294,2
295,0
296,0
297,2
298,0
299,2
300,0
301,0
302,0
303,0
304,2
305,0
306,0
307,0
308,0
309,2
310,2
311,2
312,0
313,1
314,2
315,0
316,0
317,0
318,0
319,2
320,2
321,1
322,2
323,2
324,2
325,2
326,0
327,1
328,0
329,1
330,1
331,2
332,0
333,0
334,1
335,2
336,0
337,0
338,0
339,0
340,2
341,0
342,0
343,0
344,0
345,2
346,0
347,0
348,2
349,3
350,2
351,0
352,0
353,0
354,0
355,0
356,1
357,2
358,2
359,1
360,1
361,2
362,0
363,0
364,0
365,1
366,0
367,2
368,3
369,0
370,0
371,2
372,3
373,3
374,2
375,0
376,0
377,0
378,0
379,2
380,2
381,0
382,1
383,0
384,3
385,0
386,3
387,2
388,0
389,0
390,3
391,0
392,0
393,0
394,0
395,3
396,1
397,2
398,0
399,0
400,0
401,0
402,0
403,1
404,3
405,0
406,0
407,1
408,0
409,1
410,1
411,1
412,0
413,0
414,1
415,3
416,0
417,0
418,0
419,1
420,0
421,0
422,0
423,1
424,2
425,1
426,0
427,1
428,0
429,0
430,0
431,0
432,0
433,0
434,0
435,2
436,3
437,0
438,0
439,1
440,0
441,2
442,3
443,0
444,1
445,3
446,0
447,3
448,0
449,0
450,2
451,2
452,2
453,0
454,0
455,2
456,2
457,1
458,3
459,0
460,0
461,0
462,0
463,2
464,0
465,3
466,1
467,3
468,0
469,1
470,2
471,0
472,0
473,0
474,0
475,0
476,2
477,0
478,0
479,3
480,3
481,1
482,1
483,0
484,0
485,2
486,0
487,0
488,2
489,1
490,0
491,0
492,0
493,0
494,3
495,2
496,2
497,0
498,3
499,1
500,2
501,0
502,3
503,3
504,2
505,1
506,0
507,0
508,1
509,1
510,0
511,3
512,2
513,0
514,1
515,1
516,1
517,3
518,0
519,1
520,0
521,3
522,0
523,1
524,1
525,0
526,0
527,3
528,2
529,0
530,2
531,2
532,2
533,1
534,0
535,0
536,0
537,0
538,0
539,0
540,1
541,3
542,0
543,0
544,0
545,0
546,0
547,1
548,1
549,0
550,1
551,0
552,3
553,0
554,2
555,1
556,1
557,2
558,0
559,0
560,2
561,3
562,3
563,3
564,0
565,2
566,2
567,0
568,0
569,1
570,1
571,1
572,0
573,2
574,2
575,2
576,0
577,0
578,2
579,0
580,0
581,0
582,1
583,2
584,0
585,0
586,0
587,0
588,2
589,2
590,0
591,0
592,1
593,0
594,0
595,1
596,0
597,1
598,0
599,0
600,0
601,0
602,0
603,0
604,0
605,2
606,0
607,0
608,0
609,0
610,0
611,0
612,3
613,0
614,0
615,2
616,1
617,0
618,3
619,3
620,1
621,3
622,1
623,0
624,0
625,3
626,2
627,0
628,0
629,1
630,3
631,0
632,2
633,3
634,0
635,2
636,0
637,0
638,1
639,0
640,0
641,0
642,0
643,0
644,2
645,3
646,0
647,0
648,0
649,0
650,2
651,0
652,3
653,0
654,0
655,0
656,0
657,3
658,0
659,1
660,0
661,0
662,0
663,3
664,1
665,0
666,0
667,2
668,0
669,0
670,0
671,2
672,1
673,3
674,0
675,2
676,0
677,0
678,0
679,2
680,0
681,0
682,0
683,0
684,0
685,0
686,1
687,0
688,0
689,2
690,0
691,2
692,1
693,2
694,1
695,3
696,2
697,0
698,0
699,0
700,0
701,0
702,1
703,3
704,0
705,0
706,0
707,2
708,1
709,3
710,2
711,0
712,0
713,0
714,0
715,1
716,0
717,1
718,0
719,0
720,0
721,0
722,0
723,0
724,0
725,3
726,0
727,3
728,3
729,3
730,3
731,0
732,2
733,3
734,0
735,3
736,2
737,1
738,0
739,0
740,0
741,0
742,0
743,0
744,0
745,0
746,1
747,0
748,0
749,0
750,0
751,1
752,2
753,3
754,0
755,1
756,3
757,0
758,0
759,1
760,0
761,1
762,0
763,0
764,0
765,1
766,0
767,0
768,0
769,2
770,0
771,0
772,1
773,0
774,1
775,1
776,0
777,0
778,0
779,2
780,1
781,1
782,2
783,0
784,3
785,0
786,1
787,0
788,0
789,3
790,1
791,2
792,1
793,0
794,2
795,0
796,1
797,0
798,0
799,0
800,3
801,2
802,0
803,3
804,2
805,3
806,3
807,2
808,0
809,1
810,0
811,3
812,0
813,2
814,0
815,1
816,2
817,0
818,1
819,2
820,0
821,0
822,0
823,0
824,3
825,0
826,0
827,0
828,0
829,0
830,0
831,0
832,0
833,0
834,0
835,2
836,0
837,0
838,0
839,0
840,2
841,0
842,2
843,0
844,0
845,0
846,2
847,0
848,0
849,1
850,0
851,0
852,0
853,3
854,3
855,0
856,0
857,3
858,2
859,2
860,1
861,1
862,0
863,2
864,1
865,0
866,1
867,3
868,2
869,0
870,2
871,0
872,2
873,2
874,1
875,0
876,2
877,2
878,1
879,1
880,1
881,1
882,2
883,0
884,3
885,0
886,3
887,0
888,0
889,0
890,3
891,0
892,0
893,2
894,0
895,0
896,2
897,2
898,1
899,0
900,0
901,3
902,1
903,2
904,3
905,3
906,0
907,0
908,0
909,3
910,2
911,1
912,2
913,2
914,3
915,0
916,1
917,0
918,0
919,0
920,0
921,1
922,0
923,2
924,2
925,1
926,0
927,0
928,1
929,3
930,2
931,0
932,0
933,0
934,0
935,0
936,0
937,1
938,1
939,0
940,0
941,2
942,2
943,0
944,0
945,3
946,0
947,0
948,0
949,2
950,1
951,2
952,0
953,1
954,0
955,0
956,0
957,1
958,3
959,0
960,0
961,0
962,3
963,0
964,0
965,3
966,3
967,3
968,0
969,1
970,0
971,0
972,2
973,0
974,0
975,0
976,0
977,0
978,0
979,0
980,0
981,0
982,0
983,0
984,2
985,1
986,0
987,1
988,0
989,0
990,0
991,0
992,2
993,1
994,1
995,1
996,0
997,2
998,0
999,3
1000,3
1001,0
1002,3
1003,0
1004,0
1005,1
1006,2
1007,0
1008,2
1009,0
1010,0
1011,0
1012,3
1013,0
1014,0
1015,0
1016,0
1017,2
1018,1
1019,0
1020,0
1021,2
1022,0
1023,0
1024,0
1025,0
1026,0
1027,0
1028,1
1029,3
1030,1
1031,0
1032,2
1033,1
1034,0
1035,0
1036,0
1037,2
1038,0
1039,0
1040,2
1041,0
1042,2
1043,0
1044,0
1045,1
1046,3
1047,2
1048,2
1049,2
1050,0
1051,0
1052,1
1053,0
1054,0
1055,1
1056,3
1057,0
1058,0
1059,0
1060,0
1061,1
1062,0
1063,0
1064,0
1065,0
1066,1
1067,0
1068,0
1069,0
1070,2
1071,0
1072,3
1073,0
1074,0
1075,0
1076,2
1077,0
1078,0
1079,0
1080,0
1081,2
1082,0
1083,0
1084,1
1085,0
1086,3
1087,1
1088,2
1089,2
1090,0
1091,2
1092,1
1093,0
1094,1
1095,3
1096,0
1097,1
1098,0
1099,1
1100,0
1101,1
1102,0
1103,0
1104,1
1105,0
1106,0
1107,0
1108,0
1109,0
1110,0
1111,0
1112,2
1113,1
1114,0
1115,1
1116,3
1117,0
1118,1
1119,0
1120,0
1121,2
1122,3
1123,0
1124,0
1125,0
1126,1
1127,1
1128,0
1129,0
1130,2
1131,0
1132,0
1133,0
1134,0
1135,1
1136,2
1137,2
1138,1
1139,0
1140,0
1141,1
1142,0
1143,2
1144,0
1145,0
1146,2
1147,0
1148,3
1149,3
1150,3
1151,2
1152,2
1153,2
1154,2
1155,2
1156,0
1157,1
1158,2
1159,0
1160,2
1161,2
1162,1
1163,0
1164,1
1165,3
1166,0
1167,0
1168,2
1169,0
1170,2
1171,1
1172,3
1173,0
1174,0
1175,1
1176,0
1177,2
1178,2
1179,2
1180,0
1181,2
1182,0
1183,0
1184,1
1185,0
1186,0
1187,2
1188,2
1189,0
1190,3
1191,0
1192,2
1193,0
1194,1
1195,3
1196,0
1197,1
1198,3
1199,0
1200,2
1201,0
1202,0
1203,1
1204,1
1205,1
1206,0
1207,0
1208,0
1209,1
1210,2
1211,0
1212,3
1213,0
1214,0
1215,2
1216,1
1217,1
1218,0
1219,0
1220,3
1221,0
1222,1
1223,3
1224,0
1225,3
1226,3
1227,0
1228,2
1229,0
1230,2
1231,2
1232,2
1233,0
1234,0
1235,0
1236,0
1237,0
1238,1
1239,1
1240,0
1241,0
1242,3
1243,1
1244,0
1245,0
1246,0
1247,0
1248,0
1249,3
1250,0
1251,2
1252,2
1253,0
1254,0
1255,0
1256,2
1257,3
1258,1
1259,1
1260,2
1261,0
1262,0
1263,2
1264,0
1265,0
1266,0
1267,0
1268,2
1269,2
1270,3
1271,2
1272,2
1273,0
1274,2
1275,0
1276,1
1277,0
1278,1
1279,0
1280,0
1281,1
1282,1
1283,1
1284,2
1285,3
1286,0
1287,0
1288,1
1289,0
1290,0
1291,0
1292,2
1293,0
1294,0
1295,2
1296,2
1297,2
1298,0
1299,0
1300,3
1301,1
1302,2
1303,2
1304,0
1305,0
1306,0
1307,1
1308,1
1309,3
1310,0
1311,0
1312,0
1313,2
1314,0
1315,0
1316,0
1317,2
1318,2
1319,0
1320,0
1321,0
1322,0
1323,0
1324,1
1325,0
1326,1
1327,0
1328,3
1329,0
1330,1
1331,2
1332,2
1333,0
1334,3
1335,0
1336,0
1337,0
1338,1
1339,2
1340,1
1341,3
1342,0
1343,0
1344,1
1345,2
1346,1
1347,1
1348,0
1349,0
1350,0
1351,3
1352,0
1353,2
1354,0
1355,2
1356,2
1357,2
1358,0
1359,1
1360,0
1361,0
1362,0
1363,2
1364,0
1365,0
1366,1
1367,0
1368,0
1369,1
1370,0
1371,0
1372,0
1373,2
1374,0
1375,0
1376,0
1377,0
1378,0
1379,0
1380,3
1381,2
1382,1
1383,3
1384,1
1385,1
1386,0
1387,0
1388,0
1389,0
1390,2
1391,0
1392,0
1393,1
1394,0
1395,0
1396,0
1397,0
1398,2
1399,0
1400,0
1401,0
1402,0
1403,1
1404,0
1405,0
1406,2
1407,0
1408,0
1409,0
1410,0
1411,1
1412,0
1413,0
1414,1
1415,0
1416,1
1417,0
1418,0
1419,0
1420,1
1421,0
1422,2
1423,3
1424,1
1425,3
1426,0
1427,2
1428,0
1429,1
1430,1
1431,1
1432,0
1433,2
1434,3
1435,0
1436,1
1437,0
1438,0
1439,2
1440,0
1441,2
1442,0
1443,2
1444,2
1445,3
1446,0
1447,2
1448,0
1449,0
1450,2
1451,1
1452,0
1453,3
1454,3
1455,0
1456,1
1457,2
1458,1
1459,2
1460,2
1461,0
1462,2
1463,3
1464,1
1465,3
1466,0
1467,0
1468,3
1469,0
1470,0
1471,2
1472,0
1473,2
1474,3
1475,0
1476,1
1477,0
1478,0
1479,0
1480,3
1481,0
1482,2
1483,2
1484,0
1485,1
1486,3
1487,1
1488,0
1489,3
1490,0
1491,1
1492,3
1493,0
1494,2
1495,2
1496,0
1497,0
1498,1
1499,1
1500,1
1501,1
1502,0
1503,0
1504,0
1505,1
1506,0
1507,3
1508,2
1509,2
1510,0
1511,0
1512,0
1513,0
1514,1
1515,1
1516,1
1517,2
1518,0
1519,0
1520,1
1521,0
1522,0
1523,3
1524,0
1525,0
1526,0
1527,2
1528,3
1529,3
1530,2
1531,0
1532,0
1533,1
1534,2
1535,3
1536,1
1537,3
1538,3
1539,0
1540,0
1541,0
1542,2
1543,0
1544,0
1545,0
1546,0
1547,0
1548,0
1549,0
1550,3
1551,0
1552,1
1553,0
1554,0
1555,0
1556,0
1557,0
1558,0
1559,0
1560,0
1561,0
1562,2
1563,0
1564,3
1565,0
1566,0
1567,1
1568,0
1569,3
1570,0
1571,3
1572,1
1573,1
1574,2
1575,1
1576,0
1577,1
1578,0
1579,2
1580,0
1581,0
1582,0
1583,3
1584,0
1585,0
1586,0
1587,2
1588,1
1589,2
1590,0
1591,0
1592,0
1593,0
1594,2
1595,3
1596,2
1597,0
1598,0
1599,0
1600,0
1601,0
1602,0
1603,3
1604,0
1605,0
1606,2
1607,2
1608,0
1609,2
1610,0
1611,0
1612,0
1613,0
1614,0
1615,1
1616,0
1617,2
1618,0
1619,0
1620,0
1621,2
1622,3
1623,0
1624,0
1625,2
1626,3
1627,3
1628,2
1629,0
1630,1
1631,0
1632,2
1633,0
1634,3
1635,3
1636,0
1637,2
1638,1
1639,0
1640,0
1641,2
1642,3
1643,0
1644,1
1645,0
1646,0
1647,3
1648,2
1649,0
1650,1
1651,0
1652,3
1653,0
1654,1
1655,0
1656,1
1657,2
1658,1
1659,0
1660,1
1661,0
1662,0
1663,0
1664,1
1665,0
1666,0
1667,0
1668,2
1669,0
1670,1
1671,2
1672,0
1673,0
1674,0
1675,2
1676,3
1677,2
1678,0
1679,0
1680,0
1681,0
1682,0
1683,0
1684,0
1685,1
1686,3
1687,2
1688,0
1689,0
1690,0
1691,1
1692,0
1693,0
1694,0
1695,0
1696,1
1697,2
1698,0
1699,1
1700,2
1701,0
1702,1
1703,0
1704,0
1705,1
1706,2
1707,0
1708,1
1709,0
1710,1
1711,0
1712,0
1713,3
1714,0
1715,0
1716,3
1717,2
1718,1
1719,0
1720,2
1721,0
1722,2
1723,3
1724,0
1725,0
1726,2
1727,0
1728,0
1729,0
1730,1
1731,0
1732,3
1733,2
1734,3
1735,2
1736,0
1737,0
1738,0
1739,0
1740,0
1741,0
1742,1
1743,2
1744,2
1745,0
1746,2
1747,0
1748,0
1749,0
1750,0
1751,0
1752,0
1753,1
1754,0
1755,0
1756,0
1757,3
1758,0
1759,1
1760,0
1761,0
1762,0
1763,3
1764,2
1765,1
1766,0
1767,0
1768,0
1769,2
1770,2
1771,2
1772,0
1773,3
1774,3
1775,0
1776,3
1777,3
1778,0
1779,0
1780,0
1781,1
1782,0
1783,0
1784,1
1785,0
1786,2
1787,0
1788,0
1789,0
1790,0
1791,0
1792,2
1793,1
1794,0
1795,2
1796,0
1797,0
1798,3
1799,3
1800,0
1801,0
1802,0
1803,0
1804,0
1805,0
1806,2
1807,1
1808,0
1809,1
1810,0
1811,2
1812,2
1813,0
1814,0
1815,3
1816,2
1817,3
1818,0
1819,3
1820,0
1821,0
1822,3
1823,1
1824,2
1825,2
1826,3
1827,2
1828,0
1829,0
1830,3
1831,1
1832,0
1833,0
1834,3
1835,1
1836,1
1837,0
1838,0
1839,0
1840,3
1841,2
1842,0
1843,0
1844,0
1845,0
1846,0
1847,0
1848,0
1849,2
1850,0
1851,3
1852,0
1853,2
1854,3
1855,0
1856,3
1857,2
1858,0
1859,0
1860,0
1861,0
1862,1
1863,0
1864,1
1865,3
1866,2
1867,0
1868,2
1869,0
1870,3
1871,0
1872,2
1873,3
1874,0
1875,0
1876,1
1877,0
1878,0
1879,3
1880,1
1881,0
1882,0
1883,0
1884,2
1885,0
1886,0
1887,2
1888,0
1889,1
1890,0
1891,0
1892,1
1893,3
1894,0
1895,0
1896,0
1897,3
1898,0
1899,0
1900,0
1901,1
1902,2
1903,0
1904,2
1905,0
1906,0
1907,0
1908,3
1909,1
1910,2
1911,3
1912,0
1913,0
1914,2
1915,3
1916,0
1917,2
1918,0
1919,3
1920,0
1921,1
1922,0
1923,3
1924,0
1925,0
1926,3
1927,2
1928,0
1929,0
1930,0
1931,3
1932,0
1933,2
1934,0
1935,3
1936,2
1937,0
1938,0
1939,0
1940,2
1941,2
1942,1
1943,2
1944,1
1945,0
1946,2
1947,0
1948,0
1949,0
1950,3
1951,0
1952,0
1953,0
1954,0
1955,1
1956,0
1957,0
1958,0
1959,2
1960,1
1961,0
1962,1
1963,2
1964,0
1965,3
1966,2
1967,0
1968,0
1969,3
1970,1
1971,1
1972,1
1973,1
1974,0
1975,0
1976,0
1977,0
1978,0
1979,2
1980,2
1981,0
1982,0
1983,2
1984,0
1985,3
1986,0
1987,1
1988,0
1989,2
1990,2
1991,0
1992,2
1993,0
1994,2
1995,2
1996,0
1997,0
1998,0
1999,3
2000,0
2001,0
2002,0
2003,1
2004,0
2005,0
2006,3
2007,2
2008,0
2009,0
2010,2
2011,3
2012,0
2013,1
2014,0
2015,0
2016,2
2017,2
2018,3
2019,2
2020,2
2021,3
2022,2
2023,0
2024,3
2025,0
2026,1
2027,3
2028,0
2029,0
2030,3
2031,0
2032,3
2033,3
2034,1
2035,1
2036,1
2037,3
2038,0
2039,0
2040,0
2041,1
2042,1
2043,0
2044,3
2045,0
2046,0
2047,0
2048,2
2049,0
2050,1
2051,2
2052,3
2053,0
2054,1
2055,0
2056,0
2057,2
2058,0
2059,0
2060,0
2061,0
2062,0
2063,2
2064,3
2065,0
2066,0
2067,1
2068,0
2069,3
2070,0
2071,0
2072,0
2073,0
2074,0
2075,1
2076,0
2077,1
2078,0
2079,1
2080,1
2081,0
2082,0
2083,3
2084,2
2085,0
2086,0
2087,0
2088,0
2089,2
2090,1
2091,2
2092,0
2093,1
2094,0
2095,0
2096,0
2097,0
2098,1
2099,0
2100,0
2101,1
2102,1
2103,2
2104,2
2105,0
2106,0
2107,2
2108,0
2109,0
2110,0
2111,2
2112,0
2113,1
2114,0
2115,1
2116,2
2117,2
2118,1
2119,2
2120,0
2121,0
2122,1
2123,3
2124,0
2125,0
2126,0
2127,1
2128,2
2129,0
2130,0
2131,0
2132,0
2133,0
2134,0
2135,3
2136,1
2137,0
2138,2
2139,0
2140,2
2141,0
2142,2
2143,1
2144,0
2145,1
2146,0
2147,0
2148,1
2149,1
2150,0
2151,3
2152,0
2153,0
2154,0
2155,0
2156,1
2157,0
2158,0
2159,1
2160,1
2161,3
2162,3
2163,0
2164,3
2165,0
2166,0
2167,0
2168,0
2169,0
2170,0
2171,2
2172,1
2173,0
2174,1
2175,0
2176,2
2177,0
2178,2
2179,3
2180,0
2181,0
2182,2
2183,3
2184,0
2185,3
2186,0
2187,2
2188,0
2189,0
2190,0
2191,0
2192,3
2193,0
2194,0
2195,1
2196,1
2197,1
2198,2
2199,0
2200,2
2201,0
2202,0
2203,2
2204,0
2205,0
2206,0
2207,0
2208,0
2209,3
2210,2
2211,0
2212,1
2213,0
2214,0
2215,0
2216,3
2217,0
2218,1
2219,0
2220,0
2221,0
2222,2
2223,1
2224,0
2225,1
2226,0
2227,3
2228,1
2229,0
2230,2
2231,1
2232,0
2233,1
2234,2
2235,2
2236,3
2237,3
2238,0
2239,0
2240,2
2241,2
2242,3
2243,1
2244,2
2245,0
2246,0
2247,0
2248,0
2249,3
2250,0
2251,0
2252,1
2253,0
2254,1
2255,1
2256,0
2257,0
2258,2
2259,0
2260,0
2261,0
2262,0
2263,0
2264,0
2265,0
2266,0
2267,0
2268,2
2269,0
2270,2
2271,1
2272,0
2273,0
2274,0
2275,0
2276,2
2277,0
2278,2
2279,0
2280,2
2281,0
2282,0
2283,0
2284,3
2285,0
2286,0
2287,3
2288,0
2289,0
2290,0
2291,1
2292,0
2293,0
2294,2
2295,0
2296,3
2297,0
2298,0
2299,0
2300,2
2301,0
2302,3
2303,2
2304,0
2305,0
2306,3
2307,0
2308,0
2309,0
2310,0
2311,2
2312,1
2313,1
2314,2
2315,0
2316,1
2317,3
2318,1
2319,2
2320,1
2321,0
2322,0
2323,1
2324,2
2325,0
2326,1
2327,0
2328,1
2329,3
2330,0
2331,1
2332,2
2333,0
2334,1
2335,1
2336,0
2337,3
2338,3
2339,0
2340,1
2341,0
2342,0
2343,3
2344,0
2345,0
2346,0
2347,0
2348,1
2349,2
2350,0
2351,2
2352,3
2353,0
2354,0
2355,0
2356,2
2357,2
2358,2
2359,3
2360,2
2361,1
2362,0
2363,2
2364,1
2365,0
2366,1
2367,2
2368,3
2369,2
2370,3
2371,0
2372,0
2373,0
2374,2
2375,3
2376,3
2377,0
2378,1
2379,0
2380,0
2381,0
2382,0
2383,0
2384,0
2385,1
2386,2
2387,0
2388,0
2389,0
2390,3
2391,0
2392,0
2393,3
2394,0
2395,0
2396,0
2397,3
2398,0
2399,0
2400,0
2401,2
2402,1
2403,0
2404,0
2405,0
2406,1
2407,0
2408,0
2409,2
2410,1
2411,0
2412,0
2413,0
2414,3
2415,0
2416,1
2417,2
2418,1
2419,0
2420,2
2421,3
2422,0
2423,0
2424,0
2425,0
2426,2
2427,0
2428,3
2429,0
2430,0
2431,3
2432,0
2433,0
2434,1
2435,2
2436,0
2437,3
2438,0
2439,1
2440,3
2441,2
2442,2
2443,3
2444,2
2445,3
2446,2
2447,2
2448,0
2449,0
2450,2
2451,0
2452,0
2453,1
2454,1
2455,0
2456,0
2457,0
2458,2
2459,0
2460,0
2461,2
2462,3
2463,0
2464,2
2465,1
2466,1
2467,0
2468,0
2469,2
2470,1
2471,3
2472,0
2473,1
2474,1
2475,0
2476,0
2477,0
2478,1
2479,0
2480,1
2481,0
2482,1
2483,3
2484,1
2485,2
2486,2
2487,0
2488,0
2489,3
2490,0
2491,0
2492,0
2493,2
2494,2
2495,0
2496,1
2497,0
2498,3
2499,1
2500,0
2501,1
2502,3
2503,1
2504,0
2505,0
2506,0
2507,0
2508,2
2509,1
2510,0
2511,0
2512,0
2513,2
2514,2
2515,1
2516,1
2517,3
2518,1
2519,1
2520,0
2521,0
2522,0
2523,2
2524,1
2525,3
2526,0
2527,2
2528,0
2529,0
2530,0
2531,2
2532,3
2533,1
2534,2
2535,0
2536,0
2537,0
2538,2
2539,1
2540,3
2541,3
2542,2
2543,1
2544,0
2545,0
2546,0
2547,2
2548,3
2549,2
2550,0
2551,0
2552,3
2553,2
2554,0
2555,0
2556,0
2557,0
2558,2
2559,1
2560,0
2561,0
2562,0
2563,2
2564,1
2565,2
2566,0
2567,0
2568,3
2569,1
2570,0
2571,1
2572,1
2573,3
2574,0
2575,1
2576,3
2577,0
2578,2
2579,2
2580,2
2581,0
2582,0
2583,3
2584,0
2585,2
2586,2
2587,0
2588,2
2589,1
2590,2
2591,0
2592,3
2593,0
2594,0
2595,1
2596,1
2597,2
2598,0
2599,1
2600,1
2601,0
2602,0
2603,2
2604,0
2605,0
2606,0
2607,0
2608,0
2609,0
2610,0
2611,2
2612,0
2613,0
2614,0
2615,0
2616,3
2617,0
2618,0
2619,0
2620,1
2621,0
2622,0
2623,2
2624,0
2625,3
2626,0
2627,0
2628,0
2629,2
2630,2
2631,0
2632,0
2633,3
2634,0
2635,2
2636,3
2637,0
2638,2
2639,0
2640,2
2641,1
2642,1
2643,1
2644,2
2645,0
2646,0
2647,0
2648,2
2649,0
2650,0
2651,3
2652,1
2653,0
2654,1
2655,2
2656,0
2657,0
2658,2
2659,0
2660,0
2661,2
2662,2
2663,1
2664,2
2665,0
2666,1
2667,1
2668,0
2669,2
2670,0
2671,3
2672,2
2673,0
2674,1
2675,1
2676,2
2677,0
2678,0
2679,0
2680,1
2681,1
2682,0
2683,3
2684,0
2685,0
2686,1
2687,1
2688,0
2689,1
2690,0
2691,0
2692,0
2693,1
2694,0
2695,2
2696,2
2697,0
2698,0
2699,2
2700,0
2701,2
2702,0
2703,0
2704,2
2705,0
2706,2
2707,0
2708,0
2709,1
2710,3
2711,1
2712,0
2713,0
2714,0
2715,0
2716,0
2717,2
2718,3
2719,0
2720,2
2721,3
2722,2
2723,0
2724,0
2725,1
2726,0
2727,0
2728,0
2729,3
2730,0
2731,3
2732,0
2733,0
2734,0
2735,0
2736,2
2737,2
2738,1
2739,0
2740,0
2741,2
2742,0
2743,0
2744,1
2745,0
2746,0
2747,0
2748,0
2749,0
2750,0
2751,0
2752,0
2753,0
2754,2
2755,0
2756,2
2757,2
2758,3
2759,2
2760,0
2761,0
2762,0
2763,1
2764,0
2765,2
2766,0
2767,0
2768,0
2769,0
2770,2
2771,1
2772,1
2773,3
2774,1
2775,2
2776,3
2777,0
2778,0
2779,0
2780,0
2781,2
2782,1
2783,0
2784,1
2785,0
2786,0
2787,0
2788,0
2789,0
2790,0
2791,2
2792,3
2793,1
2794,0
2795,2
2796,0
2797,1
2798,0
2799,2
2800,2
2801,1
2802,0
2803,2
2804,1
2805,1
2806,3
2807,3
2808,0
2809,0
2810,0
2811,0
2812,0
2813,1
2814,0
2815,0
2816,0
2817,0
2818,0
2819,0
2820,0
2821,3
2822,0
2823,0
2824,2
2825,0
2826,2
2827,0
2828,2
2829,0
2830,0
2831,0
2832,1
2833,2
2834,2
2835,1
2836,0
2837,1
2838,2
2839,1
2840,0
2841,0
2842,0
2843,1
2844,0
2845,2
2846,0
2847,1
2848,1
2849,2
2850,1
2851,2
2852,0
2853,0
2854,0
2855,0
2856,2
2857,0
2858,2
2859,0
2860,2
2861,0
2862,2
2863,2
2864,1
2865,3
2866,1
2867,0
2868,0
2869,0
2870,0
2871,1
2872,1
2873,0
2874,2
2875,0
2876,0
2877,2
2878,3
2879,0
2880,2
2881,0
2882,0
2883,1
2884,1
2885,3
2886,0
2887,0
2888,1
2889,0
2890,0
2891,2
2892,0
2893,0
2894,1
2895,1
2896,2
2897,0
2898,0
2899,3
2900,3
2901,2
2902,1
2903,0
2904,0
2905,0
2906,3
2907,0
2908,0
2909,0
2910,2
2911,0
2912,0
2913,2
2914,2
2915,0
2916,0
2917,0
2918,1
2919,0
2920,2
2921,2
2922,0
2923,1
2924,0
2925,0
2926,1
2927,0
2928,1
2929,0
2930,2
2931,0
2932,1
2933,0
2934,0
2935,1
2936,0
2937,2
2938,2
2939,0
2940,0
2941,0
2942,1
2943,0
2944,2
2945,0
2946,2
2947,1
2948,0
2949,2
2950,0
2951,2
2952,0
2953,0
2954,0
2955,1
2956,0
2957,1
2958,1
2959,0
2960,1
2961,1
2962,0
2963,2
2964,3
2965,0
2966,1
2967,2
2968,1
2969,0
2970,3
2971,0
2972,2
2973,0
2974,0
2975,3
2976,0
2977,0
2978,0
2979,0
2980,2
2981,2
2982,2
2983,0
2984,2
2985,1
2986,0
2987,1
2988,0
2989,3
2990,2
2991,1
2992,0
2993,0
2994,0
2995,0
2996,0
2997,0
2998,0
2999,0
3000,2
3001,2
3002,0
3003,1
3004,0
3005,2
3006,0
3007,3
3008,1
3009,0
3010,3
3011,3
3012,0
3013,0
3014,1
3015,0
3016,0
3017,0
3018,0
3019,1
3020,2
3021,0
3022,0
3023,0
3024,0
3025,1
3026,0
3027,3
3028,0
3029,2
3030,3
3031,2
3032,2
3033,3
3034,1
3035,1
3036,0
3037,1
3038,3
3039,0
3040,1
3041,3
3042,0
3043,0
3044,0
3045,2
3046,0
3047,3
3048,1
3049,0
3050,3
3051,1
3052,0
3053,2
3054,0
3055,2
3056,3
3057,3
3058,2
3059,2
3060,0
3061,1
3062,0
3063,2
3064,3
3065,2
3066,0
3067,2
3068,0
3069,0
3070,0
3071,0
3072,0
3073,0
3074,0
3075,1
3076,1
3077,1
3078,1
3079,1
3080,1
3081,2
3082,3
3083,3
3084,3
3085,0
3086,1
3087,1
3088,3
3089,0
3090,0
3091,0
3092,0
3093,3
3094,1
3095,2
3096,0
3097,0
3098,0
3099,2
3100,1
3101,2
3102,0
3103,0
3104,2
3105,0
3106,0
3107,0
3108,0
3109,0
3110,0
3111,0
3112,2
3113,0
3114,0
3115,1
3116,0
3117,1
3118,0
3119,1
3120,1
3121,0
3122,1
3123,0
3124,2
3125,0
3126,3
3127,3
3128,0
3129,0
3130,0
3131,0
3132,0
3133,0
3134,2
3135,2
3136,2
3137,0
3138,0
3139,0
3140,2
3141,3
3142,1
3143,3
3144,3
3145,0
3146,0
3147,0
3148,1
3149,2
3150,0
3151,0
3152,1
3153,2
3154,3
3155,0
3156,0
3157,0
3158,3
3159,0
3160,0
3161,2
3162,0
3163,1
3164,1
3165,1
3166,0
3167,0
3168,2
3169,0
3170,0
3171,1
3172,0
3173,2
3174,0
3175,2
3176,0
3177,0
3178,0
3179,2
3180,0
3181,0
3182,0
3183,1
3184,0
3185,1
3186,0
3187,3
3188,2
3189,1
3190,2
3191,0
3192,1
3193,2
3194,3
3195,0
3196,0
3197,1
3198,3
3199,1
3200,2
3201,1
3202,0
3203,0
3204,3
3205,0
3206,0
3207,3
3208,0
3209,1
3210,2
3211,2
3212,3
3213,1
3214,0
3215,0
3216,0
3217,1
3218,0
3219,0
3220,0
3221,1
3222,0
3223,0
3224,1
3225,0
3226,0
3227,0
3228,2
3229,0
3230,0
3231,0
3232,0
3233,1
3234,0
3235,2
3236,3
3237,0
3238,0
3239,0
3240,2
3241,0
3242,1
3243,3
3244,0
3245,3
3246,0
3247,0
3248,1
3249,0
3250,0
3251,2
3252,2
3253,3
3254,0
3255,1
3256,2
3257,0
3258,0
3259,0
3260,0
3261,1
3262,1
3263,1
3264,1
3265,0
3266,2
3267,2
3268,0
3269,0
3270,0
3271,0
3272,1
3273,1
3274,1
3275,0
3276,0
3277,2
3278,2
3279,3
3280,0
3281,2
3282,1
3283,1
3284,1
3285,0
3286,0
3287,1
3288,0
3289,0
3290,3
3291,0
3292,1
3293,1
3294,0
3295,1
3296,0
3297,1
3298,0
3299,2
3300,0
3301,2
3302,0
3303,2
3304,3
3305,0
3306,0
3307,3
3308,2
3309,1
3310,2
3311,0
3312,1
3313,0
3314,1
3315,0
3316,2
3317,0
3318,1
3319,2
3320,0
3321,0
3322,0
3323,0
3324,0
3325,0
3326,0
3327,0
3328,2
3329,0
3330,0
3331,1
3332,2
3333,0
3334,1
3335,0
3336,1
3337,2
3338,1
3339,2
3340,3
3341,0
3342,0
3343,0
3344,0
3345,1
3346,0
3347,0
3348,0
3349,0
3350,1
3351,2
3352,0
3353,0
3354,3
3355,2
3356,0
3357,0
3358,0
3359,1
3360,3
3361,0
3362,0
3363,0
3364,0
3365,2
3366,0
3367,1
3368,0
3369,2
3370,0
3371,0
3372,2
3373,0
3374,2
3375,0
3376,1
3377,0
3378,0
3379,2
3380,0
3381,0
3382,0
3383,0
3384,1
3385,1
3386,2
3387,1
3388,2
3389,2
3390,3
3391,0
3392,2
3393,0
3394,2
3395,0
3396,0
3397,0
3398,0
3399,1
3400,1
3401,3
3402,0
3403,1
3404,2
3405,1
3406,0
3407,2
3408,0
3409,2
3410,0
3411,0
3412,2
3413,1
3414,0
3415,0
3416,0
3417,0
3418,0
3419,0
3420,0
3421,3
3422,0
3423,3
3424,0
3425,0
3426,1
3427,3
3428,0
3429,1
3430,2
3431,1
3432,2
3433,0
3434,2
3435,2
3436,0
3437,0
3438,0
3439,0
3440,0
3441,1
3442,0
3443,0
3444,0
3445,0
3446,0
3447,1
3448,2
3449,3
3450,3
3451,0
3452,0
3453,2
3454,0
3455,0
3456,0
3457,1
3458,0
3459,3
3460,2
3461,0
3462,0
3463,1
3464,0
3465,0
3466,2
3467,3
3468,0
3469,0
3470,2
3471,2
3472,0
3473,0
3474,0
3475,0
3476,0
3477,1
3478,2
3479,1
3480,0
3481,1
3482,1
3483,2
3484,0
3485,0
3486,2
3487,1
3488,0
3489,2
3490,0
3491,0
3492,3
3493,1
3494,1
3495,0
3496,0
3497,1
3498,2
3499,0
3500,0
3501,2
3502,0
3503,1
3504,0
3505,0
3506,1
3507,2
3508,0
3509,0
3510,0
3511,1
3512,2
3513,0
3514,2
3515,0
3516,3
3517,1
3518,2
3519,3
3520,0
3521,1
3522,2
3523,3
3524,0
3525,0
3526,0
3527,0
3528,1
3529,0
3530,0
3531,0
3532,0
3533,0
3534,0
3535,3
3536,1
3537,3
3538,0
3539,3
3540,2
3541,1
3542,0
3543,0
3544,1
3545,0
3546,0
3547,3
3548,2
3549,1
3550,0
3551,0
3552,0
3553,1
3554,0
3555,0
3556,3
3557,0
3558,0
3559,2
3560,0
3561,0
3562,1
3563,3
3564,3
3565,2
3566,2
3567,2
3568,0
3569,1
3570,1
3571,0
3572,1
3573,0
3574,0
3575,0
3576,0
3577,0
3578,3
3579,0
3580,2
3581,2
3582,2
3583,1
3584,1
3585,0
3586,0
3587,0
3588,1
3589,0
3590,0
3591,0
3592,3
3593,1
3594,0
3595,0
3596,1
3597,1
3598,0
3599,0
3600,3
3601,0
3602,3
3603,3
3604,0
3605,0
3606,0
3607,0
3608,0
3609,3
3610,0
3611,0
3612,1
3613,0
3614,0
3615,0
3616,2
3617,0
3618,0
3619,0
3620,1
3621,0
3622,1
3623,3
3624,2
3625,0
3626,3
3627,1
3628,0
3629,1
3630,1
3631,2
3632,2
3633,0
3634,0
3635,2
3636,3
3637,0
3638,3
3639,0
3640,2
3641,2
3642,3
3643,2
3644,0
3645,0
3646,1
3647,3
3648,3
3649,0
3650,0
3651,1
3652,2
3653,0
3654,0
3655,0
3656,2
3657,0
3658,0
3659,2
3660,0
3661,0
3662,0
3663,0
3664,0
3665,2
3666,3
3667,0
3668,0
3669,0
3670,0
3671,2
3672,0
3673,2
3674,2
3675,2
3676,0
3677,0
3678,3
3679,2
3680,0
3681,1
3682,2
3683,0
3684,0
3685,0
3686,2
3687,0
3688,0
3689,2
3690,3
3691,0
3692,0
3693,0
3694,0
3695,0
3696,1
3697,0
3698,0
3699,0
3700,0
3701,3
3702,0
3703,0
3704,2
3705,0
3706,2
3707,3
3708,1
3709,0
3710,1
3711,0
3712,2
3713,2
3714,0
3715,1
3716,0
3717,1
3718,1
3719,2
3720,2
3721,0
3722,0
3723,0
3724,1
3725,0
3726,0
3727,2
3728,0
3729,1
3730,0
3731,0
3732,0
3733,0
3734,0
3735,2
3736,0
3737,0
3738,0
3739,0
3740,1
3741,1
3742,1
3743,0
3744,1
3745,2
3746,0
3747,0
3748,1
3749,0
3750,0
3751,0
3752,0
3753,0
3754,0
3755,2
3756,3
3757,0
3758,0
3759,3
3760,0
3761,3
3762,3
3763,1
3764,3
3765,0
3766,2
3767,0
3768,2
3769,0
3770,0
3771,1
3772,0
3773,3
3774,1
3775,2
3776,0
3777,0
3778,0
3779,2
3780,0
3781,1
3782,2
3783,0
3784,0
3785,0
3786,0
3787,1
3788,0
3789,0
3790,0
3791,1
3792,0
3793,2
3794,2
3795,0
3796,3
3797,0
3798,0
3799,0
3800,1
3801,0
3802,3
3803,0
3804,3
3805,0
3806,2
3807,0
3808,1
3809,2
3810,2
3811,2
3812,0
3813,0
3814,2
3815,0
3816,0
3817,3
3818,1
3819,2
3820,0
3821,3
3822,3
3823,0
3824,2
3825,3
3826,0
3827,0
3828,2
3829,0
3830,0
3831,0
3832,0
3833,3
3834,1
3835,2
3836,0
3837,0
3838,0
3839,0
3840,2
3841,1
3842,3
3843,0
3844,0
3845,0
3846,2
3847,2
3848,0
3849,0
3850,0
3851,0
3852,0
3853,3
3854,0
3855,0
3856,0
3857,0
3858,3
3859,0
3860,2
3861,0
3862,2
3863,1
3864,0
3865,0
3866,0
3867,3
3868,3
3869,1
3870,0
3871,0
3872,0
3873,2
3874,0
3875,0
3876,0
3877,1
3878,2
3879,0
3880,2
3881,0
3882,0
3883,0
3884,0
3885,3
3886,1
3887,0
3888,1
3889,0
3890,0
3891,0
3892,3
3893,0
3894,1
3895,0
3896,1
3897,0
3898,1
3899,0
3900,1
3901,0
3902,1
3903,0
3904,0
3905,0
3906,0
3907,0
3908,0
3909,0
3910,2
3911,0
3912,0
3913,0
3914,0
3915,1
3916,0
3917,1
3918,0
3919,0
3920,1
3921,2
3922,0
3923,2
3924,1
3925,2
3926,0
3927,0
3928,2
3929,0
3930,0
3931,2
3932,0
3933,2
3934,1
3935,0
3936,0
3937,1
3938,2
3939,0
3940,0
3941,0
3942,2
3943,3
3944,0
3945,3
3946,3
3947,0
3948,0
3949,1
3950,0
3951,2
3952,2
3953,0
3954,0
3955,2
3956,0
3957,0
3958,0
3959,1
3960,0
3961,0
3962,0
3963,2
3964,0
3965,0
3966,1
3967,0
3968,1
3969,0
3970,1
3971,0
3972,3
3973,0
3974,2
3975,0
3976,2
3977,2
3978,0
3979,0
3980,0
3981,3
3982,0
3983,2
3984,1
3985,0
3986,0
3987,0
3988,0
3989,3
3990,2
3991,0
3992,2
3993,0
3994,0
3995,2
3996,2
3997,0
3998,3
3999,0
4000,2
4001,2
4002,0
4003,1
4004,2
4005,2
4006,1
4007,0
4008,0
4009,0
4010,2
4011,0
4012,1
4013,1
4014,0
4015,3
4016,0
4017,0
4018,0
4019,2
4020,3
4021,1
4022,0
4023,0
4024,0
4025,1
4026,0
4027,0
4028,1
4029,3
4030,1
4031,3
4032,0
4033,0
4034,2
4035,0
4036,0
4037,1
4038,0
4039,0
4040,0
4041,1
4042,2
4043,2
4044,0
4045,0
4046,0
4047,0
4048,0
4049,0
4050,0
4051,0
4052,1
4053,0
4054,0
4055,0
4056,2
4057,1
4058,3
4059,2
4060,0
4061,3
4062,0
4063,2
4064,2
4065,0
4066,0
4067,0
4068,1
4069,0
4070,0
4071,0
4072,1
4073,2
4074,1
4075,3
4076,1
4077,2
4078,0
4079,0
4080,0
4081,2
4082,3
4083,0
4084,2
4085,0
4086,0
4087,2
4088,0
4089,2
4090,0
4091,0
4092,1
4093,1
4094,2
4095,0
4096,1
4097,0
4098,0
4099,3
4100,1
4101,3
4102,3
4103,0
4104,0
4105,0
4106,0
4107,2
4108,2
4109,0
4110,3
4111,0
4112,1
4113,1
4114,0
4115,2
4116,0
4117,2
4118,3
4119,0
4120,0
4121,2
4122,0
4123,3
4124,2
4125,3
4126,0
4127,3
4128,0
4129,0
4130,0
4131,1
4132,2
4133,0
4134,1
4135,0
4136,0
4137,0
4138,2
4139,3
4140,0
4141,0
4142,0
4143,0
4144,1
4145,1
4146,0
4147,1
4148,0
4149,1
4150,2
4151,0
4152,3
4153,2
4154,1
4155,2
4156,0
4157,0
4158,0
4159,0
4160,2
4161,0
4162,1
4163,1
4164,0
4165,1
4166,2
4167,3
4168,0
4169,0
4170,0
4171,3
4172,3
4173,0
4174,0
4175,1
4176,0
4177,3
4178,0
4179,0
4180,3
4181,0
4182,0
4183,0
4184,0
4185,0
4186,0
4187,0
4188,2
4189,0
4190,0
4191,2
4192,2
4193,0
4194,1
4195,0
4196,0
4197,0
4198,0
4199,1
4200,0
4201,1
4202,0
4203,1
4204,0
4205,0
4206,0
4207,0
4208,0
4209,0
4210,3
4211,2
4212,3
4213,0
4214,0
4215,2
4216,0
4217,0
4218,3
4219,2
4220,3
4221,0
4222,0
4223,1
4224,0
4225,0
4226,3
4227,1
4228,3
4229,3
4230,0
4231,2
4232,0
4233,0
4234,0
4235,1
4236,3
4237,0
4238,0
4239,1
4240,0
4241,0
4242,1
4243,1
4244,1
4245,0
4246,0
4247,3
4248,0
4249,1
4250,0
4251,0
4252,1
4253,2
4254,1
4255,0
4256,0
4257,1
4258,0
4259,1
4260,0
4261,0
4262,1
4263,2
4264,0
4265,3
4266,0
4267,2
4268,0
4269,1
4270,0
4271,2
4272,0
4273,0
4274,0
4275,0
4276,2
4277,0
4278,1
4279,0
4280,0
4281,0
4282,0
4283,3
4284,0
4285,2
4286,2
4287,1
4288,0
4289,2
4290,0
4291,0
4292,1
4293,0
4294,1
4295,2
4296,2
4297,3
4298,0
4299,2
4300,2
4301,2
4302,0
4303,2
4304,2
4305,1
4306,0
4307,0
4308,0
4309,0
4310,1
4311,0
4312,3
4313,2
4314,2
4315,1
4316,0
4317,0
4318,0
4319,0
4320,0
4321,2
4322,1
4323,2
4324,0
4325,0
4326,2
4327,0
4328,2
4329,0
4330,3
4331,1
4332,3
4333,1
4334,3
4335,0
4336,0
4337,0
4338,1
4339,2
4340,2
4341,3
4342,1
4343,0
4344,2
4345,0
4346,0
4347,0
4348,0
4349,1
4350,0
4351,2
4352,0
4353,3
4354,0
4355,0
4356,0
4357,1
4358,1
4359,0
4360,0
4361,2
4362,0
4363,3
4364,0
4365,0
4366,2
4367,1
4368,2
4369,0
4370,0
4371,0
4372,1
4373,0
4374,0
4375,3
4376,0
4377,0
4378,0
4379,0
4380,1
4381,0
4382,3
4383,2
4384,0
4385,3
4386,0
4387,0
4388,0
4389,0
4390,2
4391,2
4392,1
4393,0
4394,0
4395,0
4396,3
4397,0
4398,1
4399,0
4400,0
4401,0
4402,3
4403,0
4404,0
4405,2
4406,1
4407,0
4408,0
4409,0
4410,1
4411,0
4412,3
4413,1
4414,2
4415,2
4416,2
4417,0
4418,2
4419,1
4420,2
4421,0
4422,0
4423,0
4424,3
4425,0
4426,3
4427,0
4428,0
4429,0
4430,1
4431,0
4432,2
4433,0
4434,2
4435,2
4436,0
4437,3
4438,0
4439,2
4440,2
4441,1
4442,1
4443,3
4444,0
4445,3
4446,0
4447,0
4448,0
4449,0
4450,0
4451,2
4452,0
4453,0
4454,0
4455,2
4456,0
4457,0
4458,3
4459,0
4460,0
4461,0
4462,2
4463,2
4464,2
4465,1
4466,2
4467,0
4468,0
4469,3
4470,2
4471,0
4472,0
4473,2
4474,2
4475,1
4476,0
4477,3
4478,1
4479,2
4480,0
4481,2
4482,0
4483,0
4484,0
4485,1
4486,0
4487,2
4488,0
4489,0
4490,1
4491,0
4492,0
4493,0
4494,2
4495,0
4496,3
4497,0
4498,0
4499,0
4500,0
4501,2
4502,0
4503,1
4504,0
4505,0
4506,0
4507,0
4508,0
4509,0
4510,2
4511,3
4512,0
4513,0
4514,0
4515,1
4516,1
4517,0
4518,0
4519,0
4520,2
4521,2
4522,0
4523,0
4524,0
4525,0
4526,2
4527,0
4528,2
4529,0
4530,0
4531,0
4532,2
4533,2
4534,0
4535,2
4536,1
4537,2
4538,0
4539,0
4540,0
4541,0
4542,2
4543,0
4544,0
4545,0
4546,0
4547,2
4548,0
4549,3
4550,0
4551,0
4552,0
4553,0
4554,3
4555,2
4556,2
4557,2
4558,3
4559,0
4560,0
4561,2
4562,0
4563,0
4564,3
4565,1
4566,3
4567,1
4568,0
4569,2
4570,0
4571,0
4572,3
4573,2
4574,0
4575,0
4576,0
4577,3
4578,1
4579,0
4580,1
4581,2
4582,0
4583,2
4584,1
4585,0
4586,0
4587,3
4588,0
4589,0
4590,0
4591,0
4592,0
4593,0
4594,3
4595,2
4596,0
4597,3
4598,1
4599,3
4600,2
4601,3
4602,0
4603,3
4604,2
4605,3
4606,0
4607,2
4608,0
4609,3
4610,0
4611,2
4612,0
4613,0
4614,2
4615,0
4616,0
4617,0
4618,0
4619,2
4620,0
4621,3
4622,0
4623,2
4624,0
4625,2
4626,0
4627,1
4628,0
4629,0
4630,3
4631,2
4632,2
4633,3
4634,2
4635,0
4636,0
4637,1
4638,0
4639,0
4640,0
4641,1
4642,1
4643,1
4644,1
4645,0
4646,0
4647,0
4648,0
4649,3
4650,0
4651,0
4652,2
4653,0
4654,0
4655,0
4656,1
4657,0
4658,0
4659,2
4660,2
4661,2
4662,0
4663,3
4664,1
4665,1
4666,0
4667,0
4668,2
4669,3
4670,0
4671,0
4672,0
4673,0
4674,0
4675,1
4676,1
4677,0
4678,0
4679,1
4680,0
4681,3
4682,0
4683,3
4684,2
4685,3
4686,2
4687,0
4688,2
4689,0
4690,1
4691,3
4692,2
4693,0
4694,0
4695,3
4696,0
4697,2
4698,1
4699,2
4700,2
4701,2
4702,1
4703,0
4704,2
4705,1
4706,0
4707,3
4708,0
4709,0
4710,0
4711,1
4712,0
4713,0
4714,1
4715,2
4716,0
4717,2
4718,0
4719,0
4720,0
4721,3
4722,0
4723,0
4724,1
4725,0
4726,0
4727,0
4728,3
4729,2
4730,2
4731,0
4732,0
4733,1
4734,0
4735,0
4736,0
4737,3
4738,1
4739,0
4740,0
4741,0
4742,0
4743,3
4744,1
4745,0
4746,0
4747,0
4748,2
4749,2
4750,1
4751,1
4752,0
4753,0
4754,0
4755,0
4756,0
4757,3
4758,0
4759,1
4760,0
4761,0
4762,1
4763,0
4764,0
4765,0
4766,0
4767,0
4768,3
4769,1
4770,0
4771,0
4772,0
4773,0
4774,0
4775,1
4776,0
4777,0
4778,0
4779,3
4780,0
4781,1
4782,0
4783,1
4784,1
4785,2
4786,3
4787,0
4788,0
4789,0
4790,0
4791,0
4792,0
4793,0
4794,1
4795,0
4796,0
4797,0
4798,0
4799,1
4800,3
4801,1
4802,0
4803,0
4804,0
4805,2
4806,0
4807,0
4808,0
4809,0
4810,2
4811,0
4812,2
4813,2
4814,0
4815,0
4816,3
4817,0
4818,2
4819,2
4820,0
4821,1
4822,2
4823,3
4824,0
4825,0
4826,0
4827,0
4828,0
4829,0
4830,0
4831,1
4832,1
4833,2
4834,0
4835,2
4836,0
4837,1
4838,2
4839,3
4840,0
4841,0
4842,1
4843,0
4844,0
4845,0
4846,1
4847,0
4848,0
4849,0
4850,1
4851,2
4852,0
4853,1
4854,2
4855,2
4856,0
4857,3
4858,0
4859,0
4860,0
4861,2
4862,0
4863,0
4864,2
4865,3
4866,1
4867,0
4868,1
4869,0
4870,0
4871,1
4872,3
4873,2
4874,0
4875,0
4876,0
4877,2
4878,1
4879,3
4880,0
4881,0
4882,0
4883,2
4884,1
4885,0
4886,2
4887,1
4888,0
4889,0
4890,0
4891,0
4892,0
4893,0
4894,0
4895,2
4896,0
4897,0
4898,0
4899,0
4900,3
4901,0
4902,0
4903,0
4904,3
4905,0
4906,2
4907,0
4908,3
4909,0
4910,1
4911,0
4912,0
4913,0
4914,0
4915,0
4916,2
4917,0
4918,0
4919,0
4920,1
4921,2
4922,3
4923,2
4924,0
4925,0
4926,2
4927,1
4928,2
4929,0
4930,0
4931,0
4932,0
4933,0
4934,0
4935,1
4936,0
4937,0
4938,0
4939,3
4940,2
4941,1
4942,0
4943,0
4944,0
4945,2
4946,2
4947,1
4948,0
4949,1
4950,2
4951,0
4952,2
4953,2
4954,0
4955,0
4956,3
4957,3
4958,0
4959,0
4960,0
4961,0
4962,0
4963,2
4964,0
4965,0
4966,0
4967,1
4968,2
4969,0
4970,2
4971,2
4972,1
4973,1
4974,0
4975,3
4976,1
4977,2
4978,0
4979,0
4980,0
4981,0
4982,0
4983,0
4984,0
4985,0
4986,0
4987,0
4988,1
4989,0
4990,1
4991,2
4992,2
4993,2
4994,0
4995,0
4996,0
4997,0
4998,3
4999,0
5000,2
5001,0
5002,0
5003,0
5004,1
5005,0
5006,2
5007,3
5008,1
5009,0
5010,0
5011,2
5012,0
5013,1
5014,2
5015,0
5016,2
5017,2
5018,0
5019,1
5020,0
5021,0
5022,0
5023,0
5024,0
5025,1
5026,3
5027,0
5028,0
5029,3
5030,0
5031,0
5032,0
5033,2
5034,3
5035,3
5036,0
5037,3
5038,1
5039,0
5040,2
5041,0
5042,0
5043,0
5044,2
5045,3
5046,2
5047,0
5048,2
5049,1
5050,2
5051,1
5052,0
5053,0
5054,1
5055,0
5056,0
5057,0
5058,0
5059,1
5060,1
5061,0
5062,0
5063,0
5064,0
5065,3
5066,0
5067,0
5068,0
5069,2
5070,3
5071,1
5072,0
5073,2
5074,0
5075,0
5076,0
5077,1
5078,1
5079,0
5080,3
5081,0
5082,0
5083,1
5084,0
5085,1
5086,0
5087,0
5088,1
5089,0
5090,0
5091,1
5092,0
5093,0
5094,1
5095,0
5096,0
5097,0
5098,0
5099,0
5100,0
5101,3
5102,3
5103,0
5104,2
5105,0
5106,0
5107,0
5108,0
5109,0
5110,2
5111,0
5112,1
5113,0
5114,0
5115,0
5116,3
5117,0
5118,2
5119,0
5120,3
5121,1
5122,0
5123,3
5124,0
5125,2
5126,0
5127,2
5128,0
5129,0
5130,2
5131,0
5132,0
5133,0
5134,1
5135,0
5136,2
5137,0
5138,1
5139,0
5140,0
5141,3
5142,0
5143,0
5144,1
5145,2
5146,1
5147,0
5148,0
5149,1
5150,1
5151,0
5152,2
5153,2
5154,3
5155,1
5156,2
5157,0
5158,0
5159,2
5160,3
5161,0
5162,0
5163,1
5164,0
5165,0
5166,0
5167,0
5168,2
5169,0
5170,1
5171,1
5172,1
5173,0
5174,1
5175,1
5176,1
5177,2
5178,1
5179,1
5180,0
5181,0
5182,0
5183,1
5184,0
5185,1
5186,0
5187,3
5188,0
5189,0
5190,0
5191,0
5192,3
5193,1
5194,2
5195,0
5196,1
5197,1
5198,2
5199,0
5200,2
5201,0
5202,0
5203,0
5204,0
5205,0
5206,0
5207,3
5208,3
5209,0
5210,1
5211,3
5212,2
5213,1
5214,3
5215,0
5216,1
5217,0
5218,0
5219,1
5220,2
5221,2
5222,1
5223,2
5224,2
5225,0
5226,2
5227,0
5228,0
5229,0
5230,1
5231,0
5232,0
5233,0
5234,2
5235,2
5236,0
5237,2
5238,0
5239,2
5240,0
5241,1
5242,2
5243,2
5244,1
5245,2
5246,2
5247,0
5248,3
5249,0
5250,3
5251,0
5252,3
5253,0
5254,1
5255,1
5256,0
5257,0
5258,3
5259,0
5260,0
5261,2
5262,3
5263,3
5264,1
5265,3
5266,1
5267,0
5268,0
5269,2
5270,3
5271,0
5272,1
5273,0
5274,1
5275,1
5276,0
5277,3
5278,0
5279,0
5280,3
5281,0
5282,0
5283,2
5284,0
5285,0
5286,0
5287,2
5288,0
5289,0
5290,3
5291,0
5292,0
5293,0
5294,0
5295,2
5296,0
5297,0
5298,0
5299,1
5300,0
5301,0
5302,0
5303,3
5304,0
5305,0
5306,3
5307,0
5308,1
5309,0
5310,0
5311,2
5312,0
5313,0
5314,2
5315,0
5316,0
5317,2
5318,0
5319,2
5320,0
5321,3
5322,2
5323,0
5324,2
5325,2
5326,3
5327,0
5328,0
5329,0
5330,0
5331,2
5332,0
5333,0
5334,1
5335,0
5336,0
5337,0
5338,1
5339,0
5340,2
5341,0
5342,0
5343,0
5344,0
5345,0
5346,0
5347,0
5348,1
5349,0
5350,2
5351,0
5352,0
5353,0
5354,3
5355,0
5356,0
5357,0
5358,0
5359,0
5360,2
5361,0
5362,0
5363,1
5364,1
5365,2
5366,1
5367,1
5368,0
5369,0
5370,2
5371,0
5372,0
5373,0
5374,2
5375,0
5376,0
5377,2
5378,2
5379,0
5380,0
5381,0
5382,0
5383,2
5384,0
5385,1
5386,2
5387,2
5388,0
5389,2
5390,1
5391,1
5392,0
5393,2
5394,2
5395,1
5396,0
5397,2
5398,0
5399,1
5400,1
5401,0
5402,0
5403,3
5404,0
5405,0
5406,0
5407,3
5408,0
5409,2
5410,2
5411,3
5412,0
5413,0
5414,1
5415,0
5416,3
5417,1
5418,2
5419,0
5420,0
5421,0
5422,0
5423,2
5424,0
5425,0
5426,0
5427,0
5428,0
5429,2
5430,1
5431,1
5432,0
5433,0
5434,2
5435,2
5436,3
5437,2
5438,0
5439,0
5440,0
5441,3
5442,0
5443,1
5444,2
5445,2
5446,0
5447,2
5448,1
5449,0
5450,0
5451,0
5452,3
5453,0
5454,0
5455,1
5456,3
5457,0
5458,0
5459,1
5460,3
5461,1
5462,1
5463,0
5464,1
5465,3
5466,0
5467,0
5468,0
5469,0
5470,1
5471,2
5472,0
5473,2
5474,3
5475,2
5476,0
5477,2
5478,0
5479,0
5480,0
5481,2
5482,0
5483,1
5484,1
5485,0
5486,1
5487,0
5488,0
5489,0
5490,0
5491,0
5492,1
5493,1
5494,1
5495,0
5496,0
5497,2
5498,2
5499,2
5500,0
5501,0
5502,1
5503,1
5504,1
5505,0
5506,0
5507,3
5508,0
5509,0
5510,3
5511,0
5512,3
5513,1
5514,0
5515,0
5516,0
5517,0
5518,1
5519,1
5520,0
5521,1
5522,1
5523,3
5524,0
5525,0
5526,0
5527,1
5528,1
5529,3
5530,0
5531,1
5532,0
5533,0
5534,0
5535,2
5536,2
5537,1
5538,0
5539,0
5540,2
5541,0
5542,0
5543,0
5544,2
5545,0
5546,1
5547,2
5548,1
5549,0
5550,0
5551,2
5552,2
5553,0
5554,1
5555,1
5556,1
5557,0
5558,3
5559,0
5560,2
5561,0
5562,0
5563,3
5564,0
5565,0
5566,2
5567,1
5568,0
5569,0
5570,0
5571,1
5572,0
5573,3
5574,1
5575,2
5576,0
5577,0
5578,1
5579,0
5580,0
5581,3
5582,0
5583,0
5584,2
5585,0
5586,1
5587,0
5588,1
5589,0
5590,0
5591,0
5592,1
5593,0
5594,3
5595,0
5596,0
5597,1
5598,3
5599,0
5600,1
5601,0
5602,0
5603,1
5604,0
5605,0
5606,0
5607,0
5608,0
5609,0
5610,1
5611,3
5612,0
5613,0
5614,3
5615,0
5616,1
5617,0
5618,3
5619,0
5620,0
5621,2
5622,0
5623,1
5624,0
5625,2
5626,1
5627,2
5628,0
5629,0
5630,1
5631,3
5632,0
5633,3
5634,1
5635,3
5636,2
5637,3
5638,0
5639,1
5640,0
5641,0
5642,0
5643,1
5644,3
5645,0
5646,0
5647,0
5648,0
5649,3
5650,1
5651,3
5652,3
5653,2
5654,0
5655,3
5656,3
5657,2
5658,3
5659,0
5660,0
5661,0
5662,0
5663,0
5664,0
5665,0
5666,0
5667,0
5668,0
5669,2
5670,0
5671,2
5672,1
5673,0
5674,2
5675,1
5676,3
5677,2
5678,0
5679,1
5680,2
5681,0
5682,0
5683,0
5684,2
5685,0
5686,0
5687,0
5688,0
5689,0
5690,2
5691,0
5692,0
5693,2
5694,0
5695,1
5696,2
5697,0
5698,0
5699,1
5700,0
5701,2
5702,0
5703,1
5704,0
5705,0
5706,0
5707,0
5708,1
5709,2
5710,0
5711,0
5712,2
5713,0
5714,0
5715,0
5716,0
5717,0
5718,0
5719,1
5720,0
5721,1
5722,0
5723,2
5724,0
5725,0
5726,2
5727,0
5728,0
5729,2
5730,0
5731,2
5732,0
5733,3
5734,0
5735,0
5736,1
5737,2
5738,1
5739,2
5740,3
5741,0
5742,2
5743,0
5744,0
5745,3
5746,0
5747,3
5748,0
5749,0
5750,0
5751,2
5752,3
5753,0
5754,2
5755,0
5756,0
5757,3
5758,2
5759,1
5760,3
5761,0
5762,0
5763,0
5764,0
5765,3
5766,0
5767,0
5768,0
5769,0
5770,0
5771,0
5772,0
5773,0
5774,0
5775,3
5776,0
5777,1
5778,0
5779,0
5780,3
5781,0
5782,2
5783,0
5784,0
5785,3
5786,3
5787,2
5788,0
5789,3
5790,2
5791,3
5792,2
5793,2
5794,1
5795,0
5796,1
5797,0
5798,0
5799,2
5800,0
5801,2
5802,2
5803,0
5804,3
5805,0
5806,0
5807,0
5808,0
5809,2
5810,1
5811,0
5812,2
5813,0
5814,1
5815,3
5816,3
5817,0
5818,0
5819,2
5820,3
5821,0
5822,0
5823,1
5824,0
5825,0
5826,0
5827,1
5828,0
5829,2
5830,3
5831,1
5832,0
5833,3
5834,0
5835,1
5836,0
5837,0
5838,1
5839,1
5840,2
5841,2
5842,0
5843,3
5844,0
5845,0
5846,1
5847,0
5848,1
5849,1
5850,0
5851,0
5852,0
5853,0
5854,3
5855,3
5856,1
5857,0
5858,0
5859,1
5860,2
5861,0
5862,0
5863,2
5864,0
5865,2
5866,1
5867,0
5868,0
5869,1
5870,1
5871,0
5872,0
5873,0
5874,0
5875,3
5876,3
5877,0
5878,0
5879,0
5880,0
5881,1
5882,2
5883,0
5884,0
5885,2
5886,1
5887,3
5888,3
5889,3
5890,0
5891,2
5892,0
5893,3
5894,0
5895,3
5896,3
5897,1
5898,2
5899,2
5900,0
5901,0
5902,0
5903,0
5904,0
5905,0
5906,2
5907,0
5908,1
5909,0
5910,2
5911,0
5912,0
5913,2
5914,2
5915,2
5916,0
5917,0
5918,3
5919,0
5920,0
5921,3
5922,0
5923,3
5924,3
5925,2
5926,0
5927,3
5928,1
5929,0
5930,0
5931,0
5932,2
5933,0
5934,0
5935,0
5936,1
5937,3
5938,2
5939,0
5940,1
5941,1
5942,0
5943,0
5944,2
5945,2
5946,2
5947,0
5948,0
5949,3
5950,3
5951,0
5952,0
5953,0
5954,2
5955,1
5956,0
5957,0
5958,2
5959,0
5960,0
5961,0
5962,0
5963,0
5964,0
5965,3
5966,0
5967,1
5968,3
5969,0
5970,3
5971,0
5972,0
5973,3
5974,2
5975,3
5976,0
5977,0
5978,0
5979,3
5980,0
5981,0
5982,0
5983,1
5984,2
5985,0
5986,0
5987,0
5988,0
5989,0
5990,2
5991,0
5992,3
5993,2
5994,0
5995,2
5996,0
5997,0
5998,2
5999,1
